title,company,link
Python Engineer,"TileDB, Inc.
                ",https://stackoverflow.com/jobs/419347/python-engineer-tiledb-inc?a=2gDqRknRRq7u&so=i&pg=1&offset=0&total=380&so_medium=Internal&so_source=JobSearch&q=python&r=true
Python Architect,"BairesDev LLC
                ",https://stackoverflow.com/jobs/514657/python-architect-bairesdev-llc?a=2MBcnOGzw9EY&so=i&pg=1&offset=1&total=380&so_medium=Internal&so_source=JobSearch&q=python&r=true
Python Software Engineer,"R2
                ",https://stackoverflow.com/jobs/502021/python-software-engineer-r2?a=2ImszTaNbkkw&so=i&pg=1&offset=2&total=380&so_medium=Internal&so_source=JobSearch&q=python&r=true
Senior Software Engineer - Python,"DIGARC
                ",https://stackoverflow.com/jobs/425402/senior-software-engineer-python-digarc?a=2iFkyhFS4iqc&so=i&pg=1&offset=3&total=380&so_medium=Internal&so_source=JobSearch&q=python&r=true
Senior Python Engineer,"SteepRock Inc
                ",https://stackoverflow.com/jobs/383269/senior-python-engineer-steeprock-inc?a=24xgrsOh5EpG&so=i&pg=1&offset=4&total=380&so_medium=Internal&so_source=JobSearch&q=python&r=true
Python/Javascript Engineer,"Memri B.V
                ",https://stackoverflow.com/jobs/495079/python-javascript-engineer-memri-bv?a=2G27eXW0Op2M&so=i&pg=1&offset=5&total=380&so_medium=Internal&so_source=JobSearch&q=python&r=true
Senior Full-Stack Django/Python Developer,"Share Edge, LLC
                ",https://stackoverflow.com/jobs/501234/senior-full-stack-django-python-developer-share-edge-llc?a=2I66aGAtJDNu&so=i&pg=1&offset=6&total=380&so_medium=Internal&so_source=JobSearch&q=python&r=true
Experienced Python Backend Engineer for growing start up!,"This Land Inc dba Sunday
                ",https://stackoverflow.com/jobs/474459/experienced-python-backend-engineer-for-growing-this-land-inc-dba-sunday?a=2z7mNkkyGNe8&so=i&pg=1&offset=7&total=380&so_medium=Internal&so_source=JobSearch&q=python&r=true
Senior Fullstack Python Developer,"Backtracks
                ",https://stackoverflow.com/jobs/509421/senior-fullstack-python-developer-backtracks?a=2KQklKM6Iqvm&so=i&pg=1&offset=8&total=380&so_medium=Internal&so_source=JobSearch&q=python&r=true
Senior Python Developer,"Perch Security, Inc.
                ",https://stackoverflow.com/jobs/500468/senior-python-developer-perch-security-inc?a=2HQavZ8PNfm8&so=i&pg=1&offset=9&total=380&so_medium=Internal&so_source=JobSearch&q=python&r=true
"REMOTE Java, Python or Golang Backend Engineer- Big Data at very large scale","Greenfield Partners
                ",https://stackoverflow.com/jobs/512698/remote-java-python-or-golang-backend-engineer-greenfield-partners?a=2LWsVdA4oM6c&so=i&pg=1&offset=10&total=380&so_medium=Internal&so_source=JobSearch&q=python&r=true
Full-Stack PHP/Python Web Developer,"Kettle
                ",https://stackoverflow.com/jobs/295624/full-stack-php-python-web-developer-kettle?a=1B8S9IKdkBmE&so=i&pg=1&offset=11&total=380&so_medium=Internal&so_source=JobSearch&q=python&r=true
AWS IoT Developer Greengress .Net Python NodeJS,"Version 1
                ",https://stackoverflow.com/jobs/500204/aws-iot-developer-greengress-net-python-nodejs-version-1?a=2HKGb2AJ8bw4&so=i&pg=1&offset=12&total=380&so_medium=Internal&so_source=JobSearch&q=python&r=true
"Software Engineer, Integration QA, Python","Canonical
                ",https://stackoverflow.com/jobs/451978/software-engineer-integration-qa-python-canonical?a=2rzVe13m4wXm&so=i&pg=1&offset=13&total=380&so_medium=Internal&so_source=JobSearch&q=python&r=true
Full Stack Engineer (Python/React),"TrustYou
                ",https://stackoverflow.com/jobs/513711/full-stack-engineer-python-react-trustyou?a=2Mhx05EFEktq&so=i&pg=1&offset=14&total=380&so_medium=Internal&so_source=JobSearch&q=python&r=true
Big Data Python/Java Developer,"Boyle Software
                ",https://stackoverflow.com/jobs/158726/big-data-python-java-developer-boyle-software?a=Ren74BhnfmU&so=i&pg=1&offset=15&total=380&so_medium=Internal&so_source=JobSearch&q=python&r=true
"Open Source Developer & DevOps (Python, Django, AWS, OpenStack)","OpenCraft
                ",https://stackoverflow.com/jobs/453430/open-source-developer-devops-python-django-opencraft?a=2s475d4WIn4I&so=i&pg=1&offset=16&total=380&so_medium=Internal&so_source=JobSearch&q=python&r=true
Senior Python Developer,"AIM
                ",https://stackoverflow.com/jobs/503595/senior-python-developer-aim?a=2ITbIhe3pZxC&so=i&pg=1&offset=17&total=380&so_medium=Internal&so_source=JobSearch&q=python&r=true
Python Developer / Data Engineer (SQL) (Remote U.S. Only),"X-Team
                ",https://stackoverflow.com/jobs/497851/python-developer-data-engineer-sql-remote-x-team?a=2GXKMSI8Lyms&so=i&pg=1&offset=18&total=380&so_medium=Internal&so_source=JobSearch&q=python&r=true
Python Developer II,"Flashpoint
                ",https://stackoverflow.com/jobs/483496/python-developer-ii-flashpoint?a=2C9gV2330jkc&so=i&pg=1&offset=19&total=380&so_medium=Internal&so_source=JobSearch&q=python&r=true
Python Backend Lead Engineer,"Geomagical Labs
                ",https://stackoverflow.com/jobs/492299/python-backend-lead-engineer-geomagical-labs?a=2F6jnCXzRT44&so=i&pg=1&offset=20&total=380&so_medium=Internal&so_source=JobSearch&q=python&r=true
"Remote Senior Software Engineer, Python","Verys
                ",https://stackoverflow.com/jobs/512908/remote-senior-software-engineer-python-verys?a=2M0PE3N6SCti&so=i&pg=1&offset=21&total=380&so_medium=Internal&so_source=JobSearch&q=python&r=true
"Senior Machine Learning Engineer (Python, TensorFlow)","The Meet Group
                ",https://stackoverflow.com/jobs/496024/senior-machine-learning-engineer-python-the-meet-group?a=2GlLuKSGYHII&so=i&pg=1&offset=22&total=380&so_medium=Internal&so_source=JobSearch&q=python&r=true
Python Developer,"Etiometry
                ",https://stackoverflow.com/jobs/504970/python-developer-etiometry?a=2JlMj1QchGN2&so=i&pg=1&offset=23&total=380&so_medium=Internal&so_source=JobSearch&q=python&r=true
"Senior Python Engineer, EdTech - U.S. Remote","Schoolytics
                ",https://stackoverflow.com/jobs/486400/senior-python-engineer-edtech-us-remote-schoolytics?a=2D7EDq6ehZyU&so=i&pg=1&offset=24&total=380&so_medium=Internal&so_source=JobSearch&q=python&r=true
"Senior software engineer (Typescript, Nextjs, Python, Docker/k8s, Kafka, AWS)","EverQuote Inc.
                ",https://stackoverflow.com/jobs/385234/senior-software-engineer-typescript-nextjs-everquote-inc?a=25c7NCvk7HzO&so=i&pg=2&offset=0&total=380&so_medium=Internal&so_source=JobSearch&q=python&r=true
Senior Python Dev for Open Source Dev Tools,"Iterative, Inc
                ",https://stackoverflow.com/jobs/446359/senior-python-dev-for-open-source-dev-tools-iterative-inc?a=2pH5rB8J8qCk&so=i&pg=2&offset=1&total=380&so_medium=Internal&so_source=JobSearch&q=python&r=true
Python Developer / Data Scientist – High Growth Tech Co (REMOTE global role),"Draftable
                ",https://stackoverflow.com/jobs/497807/python-developer-data-scientist-high-growth-draftable?a=2GWQ43Csk2IM&so=i&pg=2&offset=2&total=380&so_medium=Internal&so_source=JobSearch&q=python&r=true
"Genesys Cloud Engineer (PureCloud Admin, k8s, Python, TypeScript, REST API)","EverQuote Inc.
                ",https://stackoverflow.com/jobs/471606/genesys-cloud-engineer-purecloud-admin-k8s-everquote-inc?a=2ya2Zfu98sMw&so=i&pg=2&offset=3&total=380&so_medium=Internal&so_source=JobSearch&q=python&r=true
Mid - Senior Software Developer (Ruby on Rails),"ScoutAPM
                ",https://stackoverflow.com/jobs/496624/mid-senior-software-developer-ruby-on-rails-scoutapm?a=2GyeZrLFd7m8&so=i&pg=2&offset=4&total=380&so_medium=Internal&so_source=JobSearch&q=python&r=true
Senior Data Engineer,"JBS Custom Software Solutions
                ",https://stackoverflow.com/jobs/510874/senior-data-engineer-jbs-custom-software-solutions?a=2LkxuSkeJrcQ&so=i&pg=2&offset=5&total=380&so_medium=Internal&so_source=JobSearch&q=python&r=true
Engineering Manager - Ruby on Rails,"ScoutAPM
                ",https://stackoverflow.com/jobs/498479/engineering-manager-ruby-on-rails-scoutapm?a=2HaOnyibsKju&so=i&pg=2&offset=6&total=380&so_medium=Internal&so_source=JobSearch&q=python&r=true
Senior Native Mobile Developer (iOS and Android),"JBS Custom Software Solutions
                ",https://stackoverflow.com/jobs/500263/senior-native-mobile-developer-ios-and-android-jbs-custom-software-solutions?a=2HLUeMyubfTG&so=i&pg=2&offset=7&total=380&so_medium=Internal&so_source=JobSearch&q=python&r=true
Software Engineer - Fullstack,"Yelp
                ",https://stackoverflow.com/jobs/504917/software-engineer-fullstack-yelp?a=2JkFYR1FtDUc&so=i&pg=2&offset=8&total=380&so_medium=Internal&so_source=JobSearch&q=python&r=true
"Senior Full Stack Engineer with a love for React, Node & Typescript REMOTE","EverReal GmbH
                ",https://stackoverflow.com/jobs/457385/senior-full-stack-engineer-with-a-love-for-react-everreal-gmbh?a=2tolHJHRMrL2&so=i&pg=2&offset=9&total=380&so_medium=Internal&so_source=JobSearch&q=python&r=true
Software Development Support Engineer,"DriveWealth Technologies LLC
                ",https://stackoverflow.com/jobs/489692/software-development-support-engineer-drivewealth-technologies-llc?a=2Ee6xNMgzTTG&so=i&pg=2&offset=10&total=380&so_medium=Internal&so_source=JobSearch&q=python&r=true
Backend Engineer,"Tessian
                ",https://stackoverflow.com/jobs/475360/backend-engineer-tessian?a=2zq6uhCS5ekU&so=i&pg=2&offset=11&total=380&so_medium=Internal&so_source=JobSearch&q=python&r=true
Senior Backend Engineer,"Penn Interactive Ventures
                ",https://stackoverflow.com/jobs/472047/senior-backend-engineer-penn-interactive-ventures?a=2yjdlqudh5GU&so=i&pg=2&offset=12&total=380&so_medium=Internal&so_source=JobSearch&q=python&r=true
Snr DBA - Marin Software,"Marin Software
                ",https://stackoverflow.com/jobs/504220/snr-dba-marin-software-marin-software?a=2J6braetZFKg&so=i&pg=2&offset=13&total=380&so_medium=Internal&so_source=JobSearch&q=python&r=true
Senior Backend Engineer (x/f/m),"Wonder
                ",https://stackoverflow.com/jobs/481173/senior-backend-engineer-x-f-m-wonder?a=2BmYcHUBQNEs&so=i&pg=2&offset=14&total=380&so_medium=Internal&so_source=JobSearch&q=python&r=true
Backend Software Engineer (US-based),"Hummingbot
                ",https://stackoverflow.com/jobs/509037/backend-software-engineer-us-based-hummingbot?a=2KIljtfpcSJO&so=i&pg=2&offset=15&total=380&so_medium=Internal&so_source=JobSearch&q=python&r=true
"Senior Platform Software Engineer - Data Streams(Flink, Kafka, Beam, Kubernetes)","Yelp
                ",https://stackoverflow.com/jobs/488024/senior-platform-software-engineer-data-yelp?a=2DFqecopdbUs&so=i&pg=2&offset=16&total=380&so_medium=Internal&so_source=JobSearch&q=python&r=true
Lead Software Engineer,"Bombora
                ",https://stackoverflow.com/jobs/391469/lead-software-engineer-bombora?a=27hLxAgdBiLK&so=i&pg=2&offset=17&total=380&so_medium=Internal&so_source=JobSearch&q=python&r=true
Software Engineer,"Ledger Investing
                ",https://stackoverflow.com/jobs/445674/software-engineer-ledger-investing?a=2psQx25jO9ws&so=i&pg=2&offset=18&total=380&so_medium=Internal&so_source=JobSearch&q=python&r=true
Backend Engineer,"Tidepool
                ",https://stackoverflow.com/jobs/490522/backend-engineer-tidepool?a=2EvmxTn2LzyM&so=i&pg=2&offset=19&total=380&so_medium=Internal&so_source=JobSearch&q=python&r=true
"Lead Engineer, Data Platform","proton.ai
                ",https://stackoverflow.com/jobs/503893/lead-engineer-data-platform-protonai?a=2IZnSLCsMRc4&so=i&pg=2&offset=20&total=380&so_medium=Internal&so_source=JobSearch&q=python&r=true
Site Reliability Engineer (SRE),"Quadpay
                ",https://stackoverflow.com/jobs/415843/site-reliability-engineer-sre-quadpay?a=2fszug0oFG8M&so=i&pg=2&offset=21&total=380&so_medium=Internal&so_source=JobSearch&q=python&r=true
Backend Software Engineer- Mortgage Engine,"Better
                ",https://stackoverflow.com/jobs/472433/backend-software-engineer-mortgage-engine-better?a=2yreXz3ZwYCI&so=i&pg=2&offset=22&total=380&so_medium=Internal&so_source=JobSearch&q=python&r=true
Backend Engineer,"Passio Inc.
                ",https://stackoverflow.com/jobs/513366/backend-engineer-passio-inc?a=2Mam509E2Nmo&so=i&pg=2&offset=23&total=380&so_medium=Internal&so_source=JobSearch&q=python&r=true
Software Engineer,"Secureframe
                ",https://stackoverflow.com/jobs/495703/software-engineer-secureframe?a=2Gf5FVpU0UFi&so=i&pg=2&offset=24&total=380&so_medium=Internal&so_source=JobSearch&q=python&r=true
"Senior Backend Software Engineer (PHP, LARAVEL - MUST HAVE)","Givelify
                ",https://stackoverflow.com/jobs/497588/senior-backend-software-engineer-php-laravel-givelify?a=2GShTR7T9jd6&so=i&pg=3&offset=0&total=380&so_medium=Internal&so_source=JobSearch&q=python&r=true
Principal Backend Engineer - Rails,"FortressIQ
                ",https://stackoverflow.com/jobs/431807/principal-backend-engineer-rails-fortressiq?a=2kOvLXwUqcRa&so=i&pg=3&offset=1&total=380&so_medium=Internal&so_source=JobSearch&q=python&r=true
Senior Full-stack Software Developer,"Goodway Group
                ",https://stackoverflow.com/jobs/498459/senior-full-stack-software-developer-goodway-group?a=2HaoAZNpZkEU&so=i&pg=3&offset=2&total=380&so_medium=Internal&so_source=JobSearch&q=python&r=true
CTO (x/f/m),"Wonder
                ",https://stackoverflow.com/jobs/481175/cto-x-f-m-wonder?a=2Bn0MyXGB8OI&so=i&pg=3&offset=3&total=380&so_medium=Internal&so_source=JobSearch&q=python&r=true
Software Architect - Remote,"SemanticBits
                ",https://stackoverflow.com/jobs/501832/software-architect-remote-semanticbits?a=2IiwVwZ3y4c8&so=i&pg=3&offset=4&total=380&so_medium=Internal&so_source=JobSearch&q=python&r=true
Senior Software Engineer,"Prefect Technologies, Inc.
                ",https://stackoverflow.com/jobs/514051/senior-software-engineer-prefect-technologies-inc?a=2MoB9yEn2IwM&so=i&pg=3&offset=5&total=380&so_medium=Internal&so_source=JobSearch&q=python&r=true
"Senior Software Engineer, Platform API","ReCharge Payments
                ",https://stackoverflow.com/jobs/463333/senior-software-engineer-platform-api-recharge-payments?a=2vo1CphAFHOw&so=i&pg=3&offset=6&total=380&so_medium=Internal&so_source=JobSearch&q=python&r=true
Software Engineer,"Secureframe
                ",https://stackoverflow.com/jobs/495703/software-engineer-secureframe?a=2Gf5FVpU0UFi&so=i&pg=3&offset=7&total=380&so_medium=Internal&so_source=JobSearch&q=python&r=true
Backend Engineer,"Gordian Software
                ",https://stackoverflow.com/jobs/474790/backend-engineer-gordian-software?a=2zefvr2Joi6Q&so=i&pg=3&offset=8&total=380&so_medium=Internal&so_source=JobSearch&q=python&r=true
Engineering Manager (x/f/m),"Wonder
                ",https://stackoverflow.com/jobs/481171/engineering-manager-x-f-m-wonder?a=2BmVCQRx6suc&so=i&pg=3&offset=9&total=380&so_medium=Internal&so_source=JobSearch&q=python&r=true
Senior Developer,"Cyware Labs
                ",https://stackoverflow.com/jobs/503471/senior-developer-cyware-labs?a=2IQBRe9j4PhC&so=i&pg=3&offset=10&total=380&so_medium=Internal&so_source=JobSearch&q=python&r=true
Backend Engineer,"Tessian
                ",https://stackoverflow.com/jobs/475360/backend-engineer-tessian?a=2zq6uhCS5ekU&so=i&pg=3&offset=11&total=380&so_medium=Internal&so_source=JobSearch&q=python&r=true
Senior Back-End Developer (Fully Remote Team),"Evercast
                ",https://stackoverflow.com/jobs/501488/senior-back-end-developer-fully-remote-team-evercast?a=2IbnsmrSZlJK&so=i&pg=3&offset=12&total=380&so_medium=Internal&so_source=JobSearch&q=python&r=true
Senior Software Engineer - Test,"BenchSci
                ",https://stackoverflow.com/jobs/497620/senior-software-engineer-test-benchsci?a=2GSWZytNr7KE&so=i&pg=3&offset=13&total=380&so_medium=Internal&so_source=JobSearch&q=python&r=true
Join G2i as a 100% Remote React Engineer (Native or Web) | Fully Remote Position,"G2i Inc
                ",https://stackoverflow.com/jobs/229077/join-g2i-as-a-100-remote-react-engineer-native-g2i-inc?a=1ePax78UkKFW&so=i&pg=3&offset=14&total=380&so_medium=Internal&so_source=JobSearch&q=python&r=true
Software Development Support Engineer,"DriveWealth Technologies LLC
                ",https://stackoverflow.com/jobs/489692/software-development-support-engineer-drivewealth-technologies-llc?a=2Ee6xNMgzTTG&so=i&pg=3&offset=15&total=380&so_medium=Internal&so_source=JobSearch&q=python&r=true
Senior Full Stack Engineer at Leading Education Company,"Tynker
                ",https://stackoverflow.com/jobs/494562/senior-full-stack-engineer-at-leading-education-tynker?a=2FRmKhBIB9M4&so=i&pg=3&offset=16&total=380&so_medium=Internal&so_source=JobSearch&q=python&r=true
Full Stack Engineer,"Bitcoin Depot
                ",https://stackoverflow.com/jobs/504933/full-stack-engineer-bitcoin-depot?a=2Jl0BHqhsneg&so=i&pg=3&offset=17&total=380&so_medium=Internal&so_source=JobSearch&q=python&r=true
PHP Developer for BLOX CMS,"TownNews
                ",https://stackoverflow.com/jobs/431681/php-developer-for-blox-cms-townnews?a=2kLTl3p5kHqU&so=i&pg=3&offset=18&total=380&so_medium=Internal&so_source=JobSearch&q=python&r=true
Senior Go Engineer at Openly - Insurtech,"Openly
                ",https://stackoverflow.com/jobs/500599/senior-go-engineer-at-openly-insurtech-openly?a=2HSTowTlKBH2&so=i&pg=3&offset=19&total=380&so_medium=Internal&so_source=JobSearch&q=python&r=true
Mid-Senior Backend Engineer,"Rocketbook
                ",https://stackoverflow.com/jobs/506765/mid-senior-backend-engineer-rocketbook?a=2JX6lsSq74ME&so=i&pg=3&offset=20&total=380&so_medium=Internal&so_source=JobSearch&q=python&r=true
Frontend Engineer,"proton.ai
                ",https://stackoverflow.com/jobs/514653/frontend-engineer-protonai?a=2MB7e6Aq1tks&so=i&pg=3&offset=21&total=380&so_medium=Internal&so_source=JobSearch&q=python&r=true
Senior Software Developer In Test,,https://stackoverflow.com/jobs/506422/senior-software-developer-in-test-huxley-banking-financial?a=2JPYadRMVwUo&so=i&pg=3&offset=22&total=380&so_medium=Internal&so_source=JobSearch&q=python&r=true
Software Engineer (Vulnerability Data Curation),"GrammaTech, Inc.
                ",https://stackoverflow.com/jobs/510887/software-engineer-vulnerability-data-curation-grammatech-inc?a=2LkOfW9eAEMw&so=i&pg=3&offset=23&total=380&so_medium=Internal&so_source=JobSearch&q=python&r=true
Full-Stack Senior Software Engineer,"CircleBlack
                ",https://stackoverflow.com/jobs/496039/full-stack-senior-software-engineer-circleblack?a=2Gm4PFKLAgsE&so=i&pg=3&offset=24&total=380&so_medium=Internal&so_source=JobSearch&q=python&r=true
Software Engineer Cloud DevOps - IaC,"Semiotic Labs BV
                ",https://stackoverflow.com/jobs/487864/software-engineer-cloud-devops-iac-semiotic-labs-bv?a=2DC67JRB5wMo&so=i&pg=4&offset=0&total=380&so_medium=Internal&so_source=JobSearch&q=python&r=true
Senior WebRTC Engineer (x/f/m),"Wonder
                ",https://stackoverflow.com/jobs/481174/senior-webrtc-engineer-x-f-m-wonder?a=2BmZuDr9dYeA&so=i&pg=4&offset=1&total=380&so_medium=Internal&so_source=JobSearch&q=python&r=true
Senior Front End Software Engineer,"Boston Dynamics
                ",https://stackoverflow.com/jobs/457627/senior-front-end-software-engineer-boston-dynamics?a=2ttnGgI8dKMg&so=i&pg=4&offset=2&total=380&so_medium=Internal&so_source=JobSearch&q=python&r=true
Full Stack Engineer,"Octane AI
                ",https://stackoverflow.com/jobs/472431/full-stack-engineer-octane-ai?a=2yrcnI0UMDss&so=i&pg=4&offset=3&total=380&so_medium=Internal&so_source=JobSearch&q=python&r=true
Frontend Engineer,"proton.ai
                ",https://stackoverflow.com/jobs/514653/frontend-engineer-protonai?a=2MB7e6Aq1tks&so=i&pg=4&offset=4&total=380&so_medium=Internal&so_source=JobSearch&q=python&r=true
Software Engineer (Vulnerability Data Curation),"GrammaTech, Inc.
                ",https://stackoverflow.com/jobs/510887/software-engineer-vulnerability-data-curation-grammatech-inc?a=2LkOfW9eAEMw&so=i&pg=4&offset=5&total=380&so_medium=Internal&so_source=JobSearch&q=python&r=true
Senior Software Developer In Test,"Jelli
                ",https://stackoverflow.com/jobs/510883/senior-software-developer-in-test-jelli?a=2LkJ6e355Ys0&so=i&pg=4&offset=6&total=380&so_medium=Internal&so_source=JobSearch&q=python&r=true
Senior Software Developer In Test,"Jelli
                ",https://stackoverflow.com/jobs/510882/senior-software-developer-in-test-jelli?a=2LkHOiwxINRS&so=i&pg=4&offset=7&total=380&so_medium=Internal&so_source=JobSearch&q=python&r=true
"Senior Backend Software Engineer (PHP, LARAVEL - MUST HAVE)","Givelify
                ",https://stackoverflow.com/jobs/497588/senior-backend-software-engineer-php-laravel-givelify?a=2GShTR7T9jb2&so=i&pg=4&offset=8&total=380&so_medium=Internal&so_source=JobSearch&q=python&r=true
Full-Stack Senior Software Engineer,"CircleBlack
                ",https://stackoverflow.com/jobs/496039/full-stack-senior-software-engineer-circleblack?a=2Gm4PFKLAgsE&so=i&pg=4&offset=9&total=380&so_medium=Internal&so_source=JobSearch&q=python&r=true
"Full Stack Developer, CMS","U.S. News & World Report, Inc.
                ",https://stackoverflow.com/jobs/468941/full-stack-developer-cms-us-news-world-report-inc?a=2xgDdCqiuVK8&so=i&pg=4&offset=10&total=380&so_medium=Internal&so_source=JobSearch&q=python&r=true
Senior Backend Engineer,"Penn Interactive Ventures
                ",https://stackoverflow.com/jobs/472047/senior-backend-engineer-penn-interactive-ventures?a=2yjdlqudh5GU&so=i&pg=4&offset=11&total=380&so_medium=Internal&so_source=JobSearch&q=python&r=true
Full-Stack Software Engineer,"Strata Oncology
                ",https://stackoverflow.com/jobs/371127/full-stack-software-engineer-strata-oncology?a=20sNtSypn8WY&so=i&pg=4&offset=12&total=380&so_medium=Internal&so_source=JobSearch&q=python&r=true
Founding Software Engineer - Backend (Rasgo),"Unusual Ventures
                ",https://stackoverflow.com/jobs/485991/founding-software-engineer-backend-rasgo-unusual-ventures?a=2CZ9mWs4rbe8&so=i&pg=4&offset=13&total=380&so_medium=Internal&so_source=JobSearch&q=python&r=true
Senior Frontend Engineer (x/f/m),"Wonder
                ",https://stackoverflow.com/jobs/481172/senior-frontend-engineer-x-f-m-wonder?a=2BmWUMo4tD4k&so=i&pg=4&offset=14&total=380&so_medium=Internal&so_source=JobSearch&q=python&r=true
Senior C++ Developer - Media Streaming for Hollywood,"Evercast
                ",https://stackoverflow.com/jobs/511394/senior-c-plus-plus-developer-media-streaming-for-evercast?a=2LvlRle94cdW&so=i&pg=4&offset=15&total=380&so_medium=Internal&so_source=JobSearch&q=python&r=true
Senior Backend Engineer (Remote or NYC),"Noom
                ",https://stackoverflow.com/jobs/283527/senior-backend-engineer-remote-or-nyc-noom?a=1x5lcT6zqM7K&so=i&pg=4&offset=16&total=380&so_medium=Internal&so_source=JobSearch&q=python&r=true
Software Engineer (ML),"Parenthetic
                ",https://stackoverflow.com/jobs/477598/software-engineer-ml-parenthetic?a=2AaDsKIeNApa&so=i&pg=4&offset=17&total=380&so_medium=Internal&so_source=JobSearch&q=python&r=true
*Remote* Backend Systems Engineer,"CommentSold
                ",https://stackoverflow.com/jobs/426033/remote-backend-systems-engineer-commentsold?a=2iSs0JPwT07C&so=i&pg=4&offset=18&total=380&so_medium=Internal&so_source=JobSearch&q=python&r=true
Senior Site Reliability Engineer,"Gorgias
                ",https://stackoverflow.com/jobs/500597/senior-site-reliability-engineer-gorgias?a=2HSQOFQh0gwM&so=i&pg=4&offset=19&total=380&so_medium=Internal&so_source=JobSearch&q=python&r=true
Senior Software Engineer,"SUSE
                ",https://stackoverflow.com/jobs/514397/senior-software-engineer-suse?a=2MvNcAeClM9q&so=i&pg=4&offset=20&total=380&so_medium=Internal&so_source=JobSearch&q=python&r=true
Senior Full Stack Software Engineer,"The Washington Post
                ",https://stackoverflow.com/jobs/491992/senior-full-stack-software-engineer-the-washington-post?a=2EZVLMhDO8eY&so=i&pg=4&offset=21&total=380&so_medium=Internal&so_source=JobSearch&q=python&r=true
Senior Software Developer Full-Stack,"NAVIS
                ",https://stackoverflow.com/jobs/500259/senior-software-developer-full-stack-navis?a=2HLP54skGzza&so=i&pg=4&offset=22&total=380&so_medium=Internal&so_source=JobSearch&q=python&r=true
Senior Full Stack Developer,"Creative Mines
                ",https://stackoverflow.com/jobs/500244/senior-full-stack-developer-creative-mines?a=2HLvK9Ag50Pe&so=i&pg=4&offset=23&total=380&so_medium=Internal&so_source=JobSearch&q=python&r=true
Site Reliability Engineer,,https://stackoverflow.com/jobs/507634/site-reliability-engineer-huxley-banking-financial?a=2KfaCJWbSpaM&so=i&pg=4&offset=24&total=380&so_medium=Internal&so_source=JobSearch&q=python&r=true
Senior Fullstack Python Developer,Backtracks.fm,https://remoteok.io//remote-jobs/102525-remote-senior-fullstack-python-developer-backtracks-fm
Senior Python Developer,ACCURE Battery Intelligence,https://remoteok.io//remote-jobs/102594-remote-senior-python-developer-accure-battery-intelligence
Senior C++ Developer,Flightradar24,https://remoteok.io//remote-jobs/102386-remote-senior-c-plus-plus-developer-flightradar24
Senior Backend Engineers,Argyle,https://remoteok.io//remote-jobs/102322-remote-senior-backend-engineers-argyle
Software Engineer,Argyle,https://remoteok.io//remote-jobs/102320-remote-software-engineer-argyle
Senior Software Engineer,Administrate,https://remoteok.io//remote-jobs/102166-remote-senior-software-engineer-administrate
Sr Software Engineer Data Infra,Doximity,https://remoteok.io//remote-jobs/102138-remote-sr-software-engineer-data-infra-doximity
Backend Software Engineer,Nav Inc,https://remoteok.io//remote-jobs/102132-remote-backend-software-engineer-nav-inc
Senior Software Engineer,Splitgraph,https://remoteok.io//remote-jobs/102104-remote-senior-software-engineer-splitgraph
Software Engineer Full Stack,Mainvest,https://remoteok.io//remote-jobs/102003-remote-software-engineer-full-stack-mainvest
Python Developer,Etiometry,https://remoteok.io//remote-jobs/102245-remote-python-developer-etiometry
Senior Full Stack Django Python Developer,Share Edge,https://remoteok.io//remote-jobs/102097-remote-senior-full-stack-django-python-developer-share-edge
Manager Toolchain Software Engineering,DataKitchen,https://remoteok.io//remote-jobs/101765-remote-manager-toolchain-software-engineering-datakitchen
Senior Backend Software Engineers,Argyle,https://remoteok.io//remote-jobs/101553-remote-senior-backend-software-engineers-argyle
Senior Software Engineer,Muck Rack,https://remoteok.io//remote-jobs/101485-remote-senior-software-engineer-muck-rack
Senior Python Django Developer,ZibaSec,https://remoteok.io//remote-jobs/101445-remote-senior-python-django-developer-zibasec
Senior Software Engineer,Muck Rack,https://remoteok.io//remote-jobs/101377-remote-senior-software-engineer-muck-rack
Senior Software Engineer,Administrate,https://remoteok.io//remote-jobs/101155-remote-senior-software-engineer-administrate
Senior Software Engineer,Welcome,https://remoteok.io//remote-jobs/101139-remote-senior-software-engineer-welcome
Software Engineer,Argyle,https://remoteok.io//remote-jobs/100929-remote-software-engineer-argyle
DevOps Software Engineer,The Linux Foundation,https://remoteok.io//remote-jobs/100705-remote-devops-software-engineer-the-linux-foundation
Senior Python Engineer,DataKitchen,https://remoteok.io//remote-jobs/100682-remote-senior-python-engineer-datakitchen
Software Engineer,Ampcontrol.io,https://remoteok.io//remote-jobs/100578-remote-software-engineer-ampcontrol-io
Full Stack Developer,HelloMaaS,https://remoteok.io//remote-jobs/100554-remote-full-stack-developer-hellomaas
Web Developer,LearnCube,https://remoteok.io//remote-jobs/100457-remote-web-developer-learncube
Senior Software Engineer,NannyML,https://remoteok.io//remote-jobs/100441-remote-senior-software-engineer-nannyml
Full Stack Developer,Earning Together,https://remoteok.io//remote-jobs/100005-remote-full-stack-developer-earning-together
Python Engineer,Intent Technologies,https://remoteok.io//remote-jobs/100003-remote-python-engineer-intent-technologies
Senior Developer,Toptal,https://remoteok.io//remote-jobs/99898-remote-senior-developer-toptal
Senior Backend Developer,Clarity Movement Co.,https://remoteok.io//remote-jobs/99896-remote-senior-backend-developer-clarity-movement-co
Backend Developer Data Scientist,komoot,https://remoteok.io//remote-jobs/99798-remote-backend-developer-data-scientist-komoot
Senior Front End Developer,PolySwarm,https://remoteok.io//remote-jobs/99794-remote-senior-front-end-developer-polyswarm
Senior Software Engineer,JetBridge,https://remoteok.io//remote-jobs/99792-remote-senior-software-engineer-jetbridge
Sr Software Engineer React React Native,Very LLC,https://remoteok.io//remote-jobs/99730-remote-sr-software-engineer-react-react-native-very-llc
Senior Full Stack Engineer,GooseChase,https://remoteok.io//remote-jobs/99701-remote-senior-full-stack-engineer-goosechase
Back end Developer,InReach Ventures,https://remoteok.io//remote-jobs/99530-remote-back-end-developer-inreach-ventures
Senior Back End Engineer,Beyond Pricing,https://remoteok.io//remote-jobs/99409-remote-senior-back-end-engineer-beyond-pricing
Senior Software Engineer,Muck Rack,https://remoteok.io//remote-jobs/99378-remote-senior-software-engineer-muck-rack
Senior Software Engineer,Netdata Inc,https://remoteok.io//remote-jobs/99258-remote-senior-software-engineer-netdata-inc
Senior Software Engineer,Iterative,https://remoteok.io//remote-jobs/99244-remote-senior-software-engineer-iterative
Lead back end developer,Simpleweb,https://remoteok.io//remote-jobs/99178-remote-lead-back-end-developer-simpleweb
Full Stack Developer,Coconut ,https://remoteok.io//remote-jobs/99168-remote-full-stack-developer-coconut
Freelance Backend Developer,Toptal,https://remoteok.io//remote-jobs/99118-remote-freelance-backend-developer-remote-toptal
Lead Full Stack Software Engineer,Prominent Edge,https://remoteok.io//remote-jobs/97397-remote-lead-full-stack-software-engineer-prominent-edge
Full Stack Python JS Developer,Fjelltopp,https://remoteok.io//remote-jobs/97053-remote-full-stack-python-js-developer-fjelltopp
Python + Django Software Engineer,WP Media,https://remoteok.io//remote-jobs/96938-remote-python-django-software-engineer-wp-media
Software Engineer Security,Doximity,https://remoteok.io//remote-jobs/86398-remote-software-engineer-security-doximity
Django Developer,Mainvest,https://remoteok.io//remote-jobs/86390-remote-django-developer-mainvest
Software Engineer,"PrintWithMe, Inc.",https://remoteok.io//remote-jobs/86265-remote-software-engineer-printwithme-inc
Python Developer,Backtracks.fm,https://remoteok.io//remote-jobs/86257-remote-python-developer-backtracks-fm
Senior Python Developer,Ambient Innovation,https://remoteok.io//remote-jobs/101685-remote-senior-python-developer-ambient-innovation
Python Developer,Pentalog,https://remoteok.io//remote-jobs/100839-remote-python-developer-pentalog
Python Web Developer,RavenPack International SL,https://remoteok.io//remote-jobs/100836-remote-python-web-developer-ravenpack-international-sl
Jr Mid React Python Developer,Compugain,https://remoteok.io//remote-jobs/100695-remote-jr-mid-react-python-developer-compugain
Python Developer,Mako Medical,https://remoteok.io//remote-jobs/99941-remote-python-developer-mako-medical
Python Developer,CMAS Systems,https://remoteok.io//remote-jobs/99676-remote-python-developer-cmas-systems
Senior Python Developer,Findaway World,https://remoteok.io//remote-jobs/99575-remote-senior-python-developer-findaway-world
Python C Developer,HealthLumen,https://remoteok.io//remote-jobs/99294-remote-python-c-developer-healthlumen
Senior Python Developer,Findaway,https://remoteok.io//remote-jobs/99062-remote-senior-python-developer-findaway
Python Developer,BairesDev,https://remoteok.io//remote-jobs/98788-remote-python-developer-bairesdev
SR Django Developer,Trafilea,https://remoteok.io//remote-jobs/98666-remote-sr-django-developer-trafilea
Senior Software Engineer Python Tornado AWS,Verys,https://remoteok.io//remote-jobs/98654-remote-senior-software-engineer-python-tornado-aws-verys
Python Developer,YouGov,https://remoteok.io//remote-jobs/98637-remote-python-developer-yougov
Principal Python Software Developer,Railroad19,https://remoteok.io//remote-jobs/98621-remote-principal-python-software-developer-railroad19
Experienced Python Developer,ShipHero,https://remoteok.io//remote-jobs/98580-remote-experienced-python-developer-shiphero
Senior Full Stack Python Developer,REPAY,https://remoteok.io//remote-jobs/98420-remote-senior-full-stack-python-developer-repay
Senior Python Developer,Adspert Bidmanagement,https://remoteok.io//remote-jobs/98409-remote-senior-python-developer-adspert-bidmanagement
Expert Django Developer,AppEvolve,https://remoteok.io//remote-jobs/98165-remote-expert-django-developer-appevolve
Python Developer,PeopleDoc,https://remoteok.io//remote-jobs/98046-remote-python-developer-peopledoc
Senior Python Developer,Flashpoint,https://remoteok.io//remote-jobs/97840-remote-senior-python-developer-flashpoint
Python Developer,UCRAFT,https://remoteok.io//remote-jobs/97815-remote-python-developer-ucraft
Python Developer,Upstack,https://remoteok.io//remote-jobs/97638-remote-python-developer-upstack
Python Full Stack Developer,REPAY,https://remoteok.io//remote-jobs/97466-remote-python-full-stack-developer-repay
Python Developer,Bitedge,https://remoteok.io//remote-jobs/97419-remote-python-developer-bitedge
Expert Django Developer,DjangoForce,https://remoteok.io//remote-jobs/97248-remote-expert-django-developer-djangoforce
Senior Software Engineer Python,Verys,https://remoteok.io//remote-jobs/97215-remote-senior-software-engineer-python-verys
Integrations Full Stack Python Developer,REPAY,https://remoteok.io//remote-jobs/97110-remote-integrations-full-stack-python-developer-repay
Senior Django Developer,Scalable Path,https://remoteok.io//remote-jobs/86775-remote-senior-django-developer-scalable-path
Senior Python Developer,We Are Common,https://remoteok.io//remote-jobs/86754-remote-senior-python-developer-we-are-common
Jr Python Developer,AppEvolve,https://remoteok.io//remote-jobs/86685-remote-jr-python-developer-appevolve
Senior Software Engineer,Routable,https://remoteok.io//remote-jobs/86632-remote-senior-software-engineer-python-django-routable
Full Stack Developer Node.js Python Go Autonomy Flexibility New Team,Oscatel,https://remoteok.io//remote-jobs/87096-remote-full-stack-developer-node-js-python-go-autonomy-flexibility-new-team-oscatel
Senior Python Developer,Backtracks,https://remoteok.io//remote-jobs/87344-remote-senior-python-developer-backtracks
Python Django Developer,Scanslated,https://remoteok.io//remote-jobs/87085-remote-python-django-developer-scanslated
Senior Python Developer,X-Team,https://remoteok.io//remote-jobs/87002-remote-senior-python-developer-x-team
Independent Self motivated Python Backend Developer,Seez,https://remoteok.io//remote-jobs/85325-remote-independent-self-motivated-python-backend-developer-seez
Senior Python Developer,Surge,https://remoteok.io//remote-jobs/85309-remote-senior-python-developer-surge
"Backend Engineer - Remote(UK & Europe only) Python, Kubernettes, Postgresql",Old St Labs,https://weworkremotely.com/company/old-st-labs
Senior Python and Machine Learning Engineer - Remote - EU Time Zone,CVEDIA,https://weworkremotely.com/company/cvedia
Senior Software Engineer (Python / Django),Trustworthy,https://weworkremotely.com/company/trustworthy
"Midweight Backend Engineer - Python, Django, Rust",Smartia Ltd,https://weworkremotely.com/company/smartia-ltd
Senior Python Engineer,DataKitchen,https://weworkremotely.com/company/datakitchen
"Open Source Developer & DevOps (Python, Django, React, AWS/OpenStack)",OpenCraft,https://weworkremotely.com/company/opencraft
Senior Python Software Developer - Fully Remote,"Upstack Technologies, Inc.",https://weworkremotely.com/company/upstack-technologies-inc
Python Developer / Data Engineer (SQL) (U.S. Based),X-Team,https://weworkremotely.com/company/x-team
Python Full Stack Software Developer (senior) - remote,Bubbling,https://weworkremotely.com/company/bubbling
Full Stack Developer (Python & Vue.js),Unhaggle Inc.,https://weworkremotely.com/remote-jobs/unhaggle-inc-full-stack-developer-python-vue-js-2
"3D Full-Stack Engineers (Javascript, Webgl, three.js, react/vue/node) (bonus python, UE4, OpenGL, Vulkan, ...)",4D Pipeline,https://weworkremotely.com/remote-jobs/4d-pipeline-3d-full-stack-engineers-javascript-webgl-three-js-react-vue-node-bonus-python-ue4-opengl-vulkan
(Senior) Python Full Stack Software Developer,Optimile,https://weworkremotely.com/remote-jobs/optimile-senior-python-full-stack-software-developer
